Range vs Campaign,,,,,,
Acne,Anti Pigment,Sun,Anti Age,Aquaphor,X-Cat,Dry Skin
Dermopure Body (Bacne),Globe - Body,Hydro Fluid Tinted (Bacalar),Elasticity Motown,Aquaphor,Club Eucerin,Atopi
Dermopure RL,Avengers (Search is Over),Sun Range,Golden Age (Gold Revamp),,Brand (Institutional),Search AWON
Dermo Purifyer,Hidden Spots,Actinic,3D Serum + Dragon (Gold),,Yo voy al derm,pH5 Wannabe
Gel to Foam,Thiamidol Roof - Face & Body,Sun Oil Control Core,Club55 Serum,,Customers AWON,Body Roof
Triple Effect,Dragon (Boosting Essence),Sun-Protection Range,Epigenetics (Benjamin Button),,Lead Capturing AWON,Urea
Dermopure Cleansing (Activia),Kung Fu Panda (Eyes),Superstar,Epigenetics (Epi 2.0),,Eucerin brand AWON,Body Lotion
Dermopure Cleansing (Yoda),Power Duo (Serum + Gel),,Epigenius RL ,,,
Anti-Acne Range,Anti-Pigment Range - Face,,Refillution,,,
,Bridge Campaign - Body AP,,,,,
,Alice - Body,,,,,
,Trilogy RL,,,,,
,Bridge Campaign - Face,,,,,